cause;Afghanistan;Albania;Algeria;American Samoa;Andorra;Angola;Antigua and Barbuda;Argentina;Armenia;Australia;Austria;Azerbaijan;Bahamas;Bahrain;Bangladesh;Barbados;Belarus;Belgium;Belize;Benin;Bermuda;Bhutan;Bolivia (Plurinational State of);Bosnia and Herzegovina;Botswana;Brazil;Brunei Darussalam;Bulgaria;Burkina Faso;Burundi;Cabo Verde;Cambodia;Cameroon;Canada;Central African Republic;Chad;Chile;China;Colombia;Comoros;Congo;Cook Islands;Costa Rica;Croatia;Cuba;Cyprus;Czechia;CÃ´te d'Ivoire;Democratic People's Republic of Korea;Democratic Republic of the Congo;Denmark;Djibouti;Dominica;Dominican Republic;Ecuador;Egypt;El Salvador;Equatorial Guinea;Eritrea;Estonia;Eswatini;Ethiopia;Fiji;Finland;France;Gabon;Gambia;Georgia;Germany;Ghana;Greece;Greenland;Grenada;Guam;Guatemala;Guinea;Guinea-Bissau;Guyana;Haiti;Honduras;Hungary;Iceland;India;Indonesia;Iran (Islamic Republic of);Iraq;Ireland;Israel;Italy;Jamaica;Japan;Jordan;Kazakhstan;Kenya;Kiribati;Kuwait;Kyrgyzstan;Lao People's Democratic Republic;Latvia;Lebanon;Lesotho;Liberia;Libya;Lithuania;Luxembourg;Madagascar;Malawi;Malaysia;Maldives;Mali;Malta;Marshall Islands;Mauritania;Mauritius;Mexico;Micronesia (Federated States of);Monaco;Mongolia;Montenegro;Morocco;Mozambique;Myanmar;Namibia;Nauru;Nepal;Netherlands;New Zealand;Nicaragua;Niger;Nigeria;Niue;North Macedonia;Northern Mariana Islands;Norway;Oman;Pakistan;Palau;Palestine;Panama;Papua New Guinea;Paraguay;Peru;Philippines;Poland;Portugal;Puerto Rico;Qatar;Republic of Korea;Republic of Moldova;Romania;Russian Federation;Rwanda;Saint Kitts and Nevis;Saint Lucia;Saint Vincent and the Grenadines;Samoa;San Marino;Sao Tome and Principe;Saudi Arabia;Senegal;Serbia;Seychelles;Sierra Leone;Singapore;Slovakia;Slovenia;Solomon Islands;Somalia;South Africa;South Sudan;Spain;Sri Lanka;Sudan;Suriname;Sweden;Switzerland;Syrian Arab Republic;Taiwan (Province of China);Tajikistan;Thailand;Timor-Leste;Togo;Tokelau;Tonga;Trinidad and Tobago;Tunisia;Turkey;Turkmenistan;Tuvalu;Uganda;Ukraine;United Arab Emirates;United Kingdom;United Republic of Tanzania;United States Virgin Islands;United States of America;Uruguay;Uzbekistan;Vanuatu;Venezuela (Bolivarian Republic of);Viet Nam;Yemen;Zambia;Zimbabwe
Cardiovascular diseases;202,38;350,07;211,22;182,31;174,34;90,97;206,40;229,67;422,95;218,17;382,19;405,58;191,23;84,09;163,98;269,74;816,53;304,69;108,08;97,51;269,64;135,02;121,29;461,93;151,06;172,33;100,35;1076,45;100,28;101,32;149,50;156,09;98,18;217,50;133,84;97,41;151,89;273,81;131,95;145,42;134,38;260,59;116,57;558,10;298,97;252,79;490,53;88,63;335,77;108,43;298,74;89,68;341,73;205,38;111,84;262,14;130,49;73,09;92,21;633,56;132,47;76,43;256,97;427,90;241,66;152,41;106,48;815,46;405,84;121,84;448,02;197,87;226,88;212,14;77,03;134,88;122,99;282,47;211,42;133,41;618,88;220,59;160,63;216,76;187,62;178,61;225,67;144,01;365,42;192,15;245,71;100,94;466,36;76,64;287,12;93,74;325,75;179,31;798,43;307,85;195,04;97,40;146,53;699,03;259,54;134,09;92,93;157,09;108,89;98,30;317,16;232,82;101,63;245,39;106,55;274,44;472,81;286,08;588,80;282,66;109,26;244,41;160,52;248,52;123,90;251,14;257,60;112,63;75,51;88,76;485,00;608,42;169,99;300,36;153,63;156,99;287,81;132,51;122,36;150,03;128,73;79,49;162,41;431,38;336,67;214,40;54,70;132,46;639,80;709,26;784,19;88,42;262,62;196,45;261,25;254,57;274,79;137,68;133,29;104,06;706,23;233,07;119,40;116,11;499,53;345,15;328,95;92,68;163,63;71,74;274,29;203,27;197,68;211,03;405,55;292,39;215,05;145,92;253,39;135,57;143,73;98,23;345,72;158,28;255,81;265,95;195,03;341,50;365,15;71,99;953,17;65,66;309,27;95,66;372,00;285,67;302,50;352,43;254,69;160,01;223,84;165,91;99,05;116,44
Chronic respiratory diseases;26,28;23,64;16,64;37,03;40,99;16,97;10,31;41,93;38,96;40,90;36,15;19,40;11,18;12,15;41,42;18,38;34,57;64,71;15,91;17,10;22,42;66,38;28,00;32,90;31,95;32,12;20,03;41,85;12,71;23,76;16,69;27,33;17,29;43,70;31,46;20,31;30,34;85,45;30,20;23,45;21,65;37,62;24,59;38,43;31,97;37,85;30,32;15,13;110,46;26,29;75,81;11,89;30,14;15,82;18,38;23,33;20,57;13,56;17,57;22,20;31,22;15,42;45,28;32,34;30,61;20,19;18,34;31,72;45,11;19,68;46,31;50,24;16,81;25,96;12,19;27,13;22,71;13,80;29,55;33,30;53,29;29,81;75,80;38,70;17,60;8,43;48,49;21,64;46,64;21,98;34,85;8,04;45,10;15,52;63,71;5,26;39,30;40,40;21,56;23,80;59,26;13,23;13,66;29,97;38,33;25,14;15,14;22,29;28,21;23,60;32,15;44,15;14,64;35,91;25,34;53,17;56,13;15,00;12,54;23,52;15,07;84,31;38,19;36,68;111,32;55,90;48,26;18,60;16,75;13,92;82,66;29,50;28,62;51,45;7,51;43,27;79,35;10,15;19,64;75,24;13,54;19,33;28,96;28,36;57,58;42,18;3,25;25,86;35,24;40,84;30,72;21,00;16,72;26,40;13,94;55,01;27,97;43,35;11,96;18,71;43,87;30,83;20,31;12,89;20,30;29,62;54,51;21,00;39,32;14,39;70,71;62,35;22,03;17,97;41,46;34,29;16,12;34,25;21,13;32,89;33,81;16,71;70,47;40,94;16,68;20,84;35,84;9,42;73,36;15,31;35,18;13,22;71,51;13,32;22,82;60,08;59,53;15,21;55,55;17,70;36,35;18,35;15,70;19,83
Diabetes and kidney diseases;29,89;14,30;25,54;101,29;24,87;21,72;86,89;56,96;51,37;34,15;54,32;30,74;56,47;46,16;23,20;126,76;9,75;37,48;57,03;25,89;54,92;30,06;57,11;66,65;57,64;41,28;47,94;56,29;25,09;23,37;31,30;29,86;35,38;37,77;32,37;24,34;39,67;21,90;28,37;34,96;34,23;150,35;30,94;41,99;32,27;68,23;32,61;26,90;29,56;23,08;42,19;23,83;136,53;39,98;60,88;37,60;81,17;23,86;23,73;29,29;79,66;22,69;189,40;17,94;34,90;55,37;26,09;46,16;55,20;33,20;41,69;19,34;98,98;44,46;56,61;36,04;34,37;96,06;51,99;35,54;37,89;14,83;29,55;46,25;23,96;35,97;22,52;59,27;54,40;100,52;34,41;32,94;20,05;19,95;141,48;18,32;14,36;43,16;25,72;37,26;77,33;27,10;25,10;16,00;30,58;17,89;25,33;26,77;26,16;26,46;46,59;74,23;31,18;179,39;88,29;124,43;31,13;15,89;40,84;34,68;25,45;57,77;47,98;79,41;19,88;37,94;30,94;65,59;19,05;22,48;212,91;59,24;75,23;28,53;23,97;37,22;149,75;34,02;46,93;50,14;49,88;32,71;44,50;29,78;70,51;122,07;23,23;35,49;13,51;21,95;16,35;23,05;88,15;87,48;107,27;87,15;24,17;31,05;27,92;31,88;63,14;59,69;26,86;15,67;27,10;28,67;74,58;22,91;69,03;20,51;48,37;71,26;17,57;69,26;36,54;38,13;21,48;67,84;16,02;49,26;26,45;23,79;125,36;97,93;140,84;30,59;42,22;23,93;128,85;20,72;10,85;21,48;19,41;24,83;97,86;49,99;47,65;33,32;52,76;50,38;39,25;12,77;26,43;35,99
Digestive diseases;23,65;15,77;14,41;20,90;27,49;33,03;23,11;36,64;47,78;24,58;40,36;39,62;27,30;13,37;27,92;33,49;46,15;49,35;22,48;31,51;25,89;36,07;47,06;32,42;36,91;33,11;11,74;57,77;30,64;32,44;27,51;72,29;29,25;31,27;43,20;36,33;42,54;21,24;21,06;40,14;35,59;21,77;29,83;55,64;30,97;27,13;44,88;28,32;33,11;30,92;51,31;27,95;35,30;29,63;37,44;68,36;34,43;18,92;36,13;47,35;32,34;34,93;17,92;47,09;43,64;38,10;29,68;52,20;54,33;35,55;30,56;38,76;30,36;22,01;47,18;39,08;43,06;46,64;37,01;56,28;76,58;17,92;34,26;47,98;12,13;9,22;24,09;22,14;45,48;16,85;40,06;9,81;53,37;40,76;47,37;7,51;43,54;35,72;49,61;18,38;42,62;35,57;14,15;65,13;38,88;27,72;37,41;27,22;9,57;33,76;26,52;28,63;30,78;32,59;47,61;30,30;49,63;61,89;23,70;19,23;25,54;50,57;31,99;26,34;34,63;36,47;21,32;30,13;30,81;38,14;44,65;25,83;33,02;28,99;9,38;30,20;28,43;10,27;20,53;13,97;21,04;33,64;24,55;45,69;47,79;41,57;8,88;30,99;108,05;72,34;62,85;35,34;33,85;25,87;29,04;26,78;38,24;38,53;14,85;30,21;47,74;48,67;32,13;9,32;54,69;57,54;29,97;31,65;27,94;27,66;48,18;28,27;18,01;39,33;33,27;34,67;12,87;46,05;27,76;38,43;30,06;30,06;32,48;35,43;30,03;16,82;15,76;47,01;36,57;24,02;63,67;5,34;47,42;29,61;45,68;35,72;43,44;44,41;30,25;23,22;27,87;16,49;39,92;30,18
Enteric infections;34,69;0,32;2,68;5,53;0,84;118,86;1,86;1,78;1,12;0,77;0,86;3,06;1,17;1,26;34,40;1,69;0,18;6,27;3,87;84,19;0,67;29,11;10,75;0,25;39,99;5,76;0,58;0,39;137,68;113,18;17,47;22,61;132,14;4,11;188,25;260,09;1,94;1,07;2,95;67,52;83,08;3,54;2,36;0,48;2,41;1,29;1,70;65,60;2,06;107,20;5,42;48,49;3,03;8,49;5,07;16,12;7,32;33,96;96,17;0,18;63,86;86,50;13,42;1,12;2,78;31,36;56,86;0,67;3,73;44,10;0,24;1,77;1,46;3,16;28,34;110,49;122,40;10,95;55,32;19,52;1,74;1,12;74,48;35,37;2,26;6,42;0,77;3,36;1,02;1,48;2,12;1,57;1,17;71,74;50,64;0,51;3,79;36,91;0,20;2,14;97,45;127,30;1,88;0,32;2,57;105,99;89,64;5,38;6,13;144,33;0,51;15,37;89,90;2,51;4,89;13,16;0,76;3,43;0,14;10,86;69,05;31,99;43,15;7,69;37,00;2,08;1,31;7,05;232,60;171,28;10,88;0,59;3,65;6,08;1,75;66,92;9,64;2,23;5,61;46,45;4,93;4,94;14,10;0,41;1,39;2,18;0,64;1,30;0,40;0,47;0,46;76,26;5,04;2,48;3,86;7,18;0,55;25,12;2,11;77,05;0,38;7,39;105,25;0,47;0,33;0,24;53,90;126,26;38,06;92,76;1,89;8,57;51,72;8,20;5,68;2,17;1,98;0,66;19,83;9,91;30,89;136,99;14,32;4,00;1,97;1,74;2,18;5,67;14,63;47,78;0,23;1,08;2,60;52,97;1,04;3,03;4,18;1,19;28,76;5,90;5,29;51,01;87,55;40,69
HIV/AIDS and sexually transmitted infections;1,75;0,19;1,12;3,70;4,13;62,52;10,96;4,44;0,59;0,53;0,58;0,75;46,62;1,06;2,38;13,14;3,25;0,73;23,54;40,95;14,25;6,86;9,65;0,13;513,04;8,03;1,26;0,91;59,01;116,56;22,61;31,52;163,12;1,17;238,75;59,94;3,03;1,57;5,98;3,87;169,67;5,99;3,75;0,23;2,31;0,38;0,17;184,27;2,02;64,14;0,70;110,10;10,38;27,66;7,64;0,31;12,61;156,64;53,68;2,65;643,85;82,11;3,07;0,21;1,27;124,21;64,73;0,52;0,71;85,66;0,25;4,29;6,68;5,99;4,95;49,87;102,04;34,04;114,61;1,94;0,87;0,41;10,64;3,11;0,90;0,56;0,29;0,50;1,55;19,06;0,24;0,72;1,88;245,17;6,37;0,11;2,82;5,53;5,55;1,65;700,95;70,33;1,14;2,28;0,64;19,25;340,17;7,69;0,38;47,22;0,45;7,68;6,89;4,93;4,90;21,87;2,38;2,56;0,44;3,42;319,61;25,18;319,49;8,05;8,21;0,53;0,33;5,62;19,56;61,52;6,38;0,19;3,25;0,49;1,86;3,94;6,56;0,56;15,13;51,74;11,11;9,01;6,11;0,41;7,32;11,14;0,38;0,35;5,10;0,98;10,40;86,49;37,75;5,49;22,80;6,96;2,16;2,35;1,82;24,23;0,84;5,63;50,01;0,94;0,18;0,17;22,48;33,17;443,98;77,35;2,69;0,48;15,79;26,71;0,33;0,89;0,42;0,66;1,73;35,30;24,66;127,74;6,65;4,00;22,20;1,12;0,31;3,04;7,02;212,86;16,44;1,12;0,62;210,55;11,08;3,64;5,41;1,80;9,93;6,80;7,90;2,59;340,78;517,48
Maternal and neonatal disorders;104,56;12,38;35,92;13,01;0,88;105,21;8,98;12,86;10,26;2,87;1,80;30,62;9,51;5,87;59,51;10,12;3,18;2,04;22,82;139,63;2,83;65,51;54,39;3,64;52,62;26,04;6,89;3,64;105,69;113,99;35,34;47,49;90,77;3,16;145,89;142,58;5,24;7,43;18,40;94,86;72,73;3,94;8,45;2,55;3,12;2,73;1,72;135,59;20,21;92,51;2,41;98,20;18,25;43,49;25,14;18,05;15,58;70,48;81,58;1,95;55,42;125,62;23,19;1,24;2,36;56,06;102,32;15,87;1,65;82,14;1,84;9,93;13,81;12,92;36,04;138,35;134,11;39,42;70,24;32,02;2,86;1,75;59,05;31,62;26,50;42,21;2,44;4,04;1,73;20,68;0,67;23,27;16,06;60,96;61,68;7,13;32,06;81,12;2,82;15,27;83,91;100,63;13,15;1,92;1,58;77,75;100,66;6,35;30,58;187,22;3,05;32,67;94,34;10,89;18,98;19,57;1,06;33,84;5,86;36,73;122,46;53,63;52,51;47,91;61,49;2,46;3,34;19,93;136,45;129,94;16,25;7,81;6,78;1,64;11,71;163,72;9,60;38,70;13,09;59,60;20,27;23,71;32,84;2,58;1,78;5,96;8,45;2,07;5,94;4,18;4,51;80,06;16,84;15,80;19,95;11,78;2,17;41,60;13,46;100,88;5,02;11,76;145,90;0,87;3,04;1,51;39,23;130,65;50,50;123,28;1,75;10,67;97,12;35,76;1,46;2,15;14,28;2,15;40,04;5,92;66,55;95,14;15,13;19,55;15,04;18,44;19,02;32,91;22,30;114,25;4,38;3,36;3,01;101,88;7,37;4,74;7,81;26,38;37,39;19,20;13,43;107,25;87,10;76,77
Mental disorders;0,00;0,00;0,00;0,00;0,02;0,00;0,00;0,00;0,00;0,02;0,04;0,00;0,00;0,00;0,00;0,00;0,00;0,01;0,00;0,00;0,00;0,00;0,00;0,00;0,00;0,00;0,03;0,00;0,00;0,00;0,00;0,00;0,00;0,01;0,00;0,00;0,00;0,00;0,00;0,00;0,00;0,00;0,00;0,00;0,00;0,00;0,01;0,00;0,00;0,00;0,01;0,00;0,00;0,00;0,00;0,00;0,00;0,00;0,00;0,00;0,00;0,00;0,00;0,02;0,02;0,00;0,00;0,00;0,03;0,00;0,01;0,01;0,00;0,00;0,00;0,00;0,00;0,00;0,00;0,00;0,00;0,01;0,00;0,00;0,00;0,00;0,01;0,00;0,01;0,00;0,04;0,00;0,00;0,00;0,00;0,01;0,00;0,00;0,00;0,00;0,00;0,00;0,00;0,00;0,03;0,00;0,00;0,00;0,00;0,00;0,01;0,00;0,00;0,00;0,00;0,00;0,01;0,00;0,00;0,00;0,00;0,00;0,00;0,00;0,00;0,03;0,00;0,00;0,00;0,00;0,00;0,00;0,00;0,01;0,00;0,00;0,00;0,00;0,01;0,00;0,02;0,00;0,00;0,01;0,00;0,00;0,00;0,00;0,02;0,00;0,00;0,00;0,00;0,00;0,00;0,00;0,00;0,00;0,01;0,00;0,00;0,00;0,00;0,00;0,00;0,00;0,00;0,00;0,00;0,00;0,01;0,00;0,00;0,00;0,01;0,06;0,00;0,00;0,00;0,00;0,00;0,00;0,00;0,00;0,00;0,00;0,00;0,00;0,00;0,00;0,00;0,00;0,02;0,00;0,00;0,01;0,00;0,00;0,00;0,00;0,00;0,00;0,00;0,00
Musculoskeletal disorders;0,43;0,88;0,46;1,02;0,68;0,52;1,94;1,36;0,38;3,37;2,18;0,15;2,96;0,93;0,90;4,90;0,32;2,90;1,39;0,36;2,65;1,14;1,11;1,01;1,09;1,37;1,04;0,62;0,32;0,39;0,47;0,52;0,50;2,93;0,65;0,30;2,02;1,19;1,74;0,59;0,84;0,30;2,06;1,87;1,72;2,53;0,79;0,35;1,42;0,57;4,97;0,40;2,24;1,31;1,55;0,22;1,19;0,55;0,40;2,00;1,04;0,36;0,37;3,24;4,35;1,02;0,37;0,47;1,84;0,38;0,94;2,05;2,27;0,91;0,88;0,45;0,46;1,00;1,25;1,78;2,21;1,63;1,42;0,62;0,56;0,39;2,87;1,38;2,79;2,40;2,53;0,62;0,26;0,40;0,44;0,30;1,26;0,49;1,68;0,70;1,23;0,39;0,54;1,72;1,63;0,35;0,44;0,85;0,41;0,34;1,79;0,84;0,45;1,04;2,19;0,84;1,21;0,63;0,55;0,55;0,46;0,64;0,99;0,86;0,98;3,44;3,79;1,39;0,24;0,34;1,20;0,50;0,64;3,69;0,34;0,97;0,37;0,24;1,16;0,37;1,54;0,74;0,60;1,47;1,94;2,07;0,17;2,12;0,68;0,44;1,26;0,41;2,22;2,10;1,83;0,72;1,21;0,49;0,55;0,40;1,52;0,32;0,38;0,69;0,74;2,18;0,73;0,34;1,77;0,31;2,43;0,27;0,35;1,89;3,71;3,49;0,18;1,49;0,46;1,55;0,34;0,39;0,91;1,40;2,57;0,51;1,08;0,15;0,87;0,34;0,43;0,55;4,97;0,44;2,79;3,19;1,48;0,82;0,56;1,99;0,62;0,26;0,49;0,47
Neglected tropical diseases and malaria;2,87;0,44;0,27;0,76;0,01;70,60;0,39;2,09;0,41;0,02;0,03;0,16;0,09;0,01;4,61;0,59;0,23;0,01;0,36;143,82;0,04;5,08;5,05;0,07;1,68;4,74;0,23;0,23;226,46;117,84;1,37;4,32;118,63;0,03;136,10;69,92;0,38;0,22;1,98;40,59;68,95;0,14;0,11;0,03;0,02;0,04;0,01;169,26;0,17;140,87;0,01;8,42;0,53;0,88;1,58;0,53;0,56;103,37;9,47;0,01;2,97;30,59;0,65;0,02;0,02;60,18;76,54;0,56;0,05;117,34;0,33;0,03;0,35;0,09;0,91;150,03;50,88;8,69;8,92;1,90;0,03;0,07;7,15;5,88;0,16;0,95;0,02;0,05;0,04;0,10;0,01;0,12;0,13;23,82;0,75;0,01;0,20;4,04;0,05;0,18;0,50;154,16;0,25;0,02;0,09;36,62;77,96;0,94;2,66;173,73;0,19;0,29;27,95;0,27;0,21;0,28;0,08;0,03;0,19;0,52;120,09;15,26;8,36;0,31;3,52;0,01;0,01;0,44;168,34;149,99;0,29;0,07;0,07;0,11;0,38;4,49;0,36;0,11;0,31;19,87;1,51;0,75;2,78;0,03;0,13;0,09;0,03;0,13;0,06;0,10;0,09;50,49;0,44;0,47;0,28;0,23;0,97;51,29;0,18;80,73;0,05;0,36;253,58;0,11;0,01;0,03;49,38;30,81;0,46;90,51;0,12;2,10;13,04;6,52;0,01;0,04;0,20;0,10;0,54;0,67;15,54;98,79;0,34;3,40;0,56;0,31;0,24;0,19;0,36;136,76;0,04;0,03;0,01;57,34;0,42;0,05;0,14;0,22;20,17;4,57;0,89;18,42;49,50;34,69
Neoplasms;60,93;130,05;48,31;97,59;241,59;41,82;129,33;183,49;174,89;203,79;249,24;102,51;125,75;46,60;52,66;232,93;210,55;285,63;64,73;41,40;227,90;50,44;102,69;231,99;80,55;107,63;93,37;275,74;41,40;47,34;93,58;71,74;47,60;228,00;51,19;40,11;150,82;163,91;87,47;67,06;59,04;139,58;100,99;303,51;196,41;155,20;280,75;41,80;140,65;41,02;312,25;52,64;236,01;83,38;91,04;53,24;79,83;39,73;50,53;280,02;83,85;37,55;72,72;233,40;279,14;77,83;42,95;192,34;314,59;54,54;293,52;242,77;148,14;93,87;68,12;75,20;51,40;87,76;81,41;67,03;355,16;184,92;54,76;74,06;61,80;47,24;197,07;155,58;302,02;132,55;299,57;43,03;128,66;40,09;101,49;35,18;64,84;63,01;280,77;134,83;97,19;41,40;62,20;268,78;230,42;40,02;57,18;77,95;40,38;44,84;202,45;77,18;48,82;91,70;70,00;90,04;598,58;153,26;237,63;61,87;43,71;88,36;58,27;72,33;55,44;286,30;208,81;58,83;29,32;37,02;172,38;225,85;117,28;244,48;34,86;75,87;154,22;48,48;85,37;52,49;76,16;89,51;62,40;284,18;268,36;161,25;32,20;163,37;157,77;232,50;206,70;50,40;139,12;131,55;142,58;71,60;324,45;65,22;33,23;49,07;296,10;151,69;44,90;106,21;228,55;280,57;84,20;40,97;98,96;40,41;244,92;73,87;39,40;98,65;257,18;226,16;41,98;191,46;54,39;131,43;50,88;42,29;112,25;112,68;120,90;71,66;104,28;60,33;112,93;49,72;212,89;39,30;275,95;52,61;246,92;215,32;278,97;61,43;64,97;91,31;92,42;36,23;53,91;77,26
Neurological disorders;10,72;33,27;13,68;16,71;47,76;7,15;28,06;33,11;25,68;53,75;60,07;14,82;19,84;6,90;9,49;44,25;39,01;66,22;15,37;10,42;46,57;12,71;16,36;32,83;10,52;25,01;9,13;50,42;10,24;7,68;23,23;11,32;9,99;53,15;7,68;9,66;29,10;21,78;24,54;14,04;9,34;26,63;26,55;50,54;39,66;30,21;48,84;8,46;19,19;8,06;58,61;7,01;44,67;19,75;19,71;10,03;27,34;7,38;6,18;53,19;9,05;7,90;12,66;64,85;71,67;14,23;10,58;46,56;67,79;9,30;59,24;20,43;22,61;20,69;13,19;14,75;9,75;16,30;12,55;16,50;49,85;50,91;11,41;10,99;16,01;10,10;40,16;33,98;79,85;31,76;99,55;7,85;18,18;7,76;14,72;10,93;18,03;9,22;51,41;25,36;12,14;10,74;16,86;50,72;49,51;5,88;8,82;12,28;11,15;10,97;51,57;10,30;12,28;25,77;20,06;13,72;96,52;10,15;34,87;16,49;9,23;14,42;12,90;8,03;11,87;59,96;51,40;13,82;7,86;10,62;44,45;25,29;12,35;64,48;7,17;9,24;15,50;9,43;27,14;7,98;20,27;21,27;10,39;47,01;57,92;51,95;3,28;29,72;31,74;41,83;32,00;7,89;26,18;27,44;26,25;19,33;57,70;12,41;8,73;12,27;35,71;24,40;11,58;21,12;39,48;58,64;9,08;5,46;15,91;7,44;72,35;19,62;11,22;22,52;75,16;69,25;9,85;33,26;14,28;25,35;8,36;8,50;33,49;20,59;27,47;21,97;26,75;13,72;22,40;6,98;38,45;4,21;62,91;9,30;35,57;53,47;50,19;10,18;10,84;21,49;20,73;7,78;7,77;11,30
Nutritional deficiencies;8,35;0,25;0,46;3,42;0,22;31,45;2,99;3,66;0,35;0,65;0,10;0,47;1,48;0,38;8,66;2,65;0,54;2,75;3,74;12,72;0,60;2,30;10,79;0,13;9,60;4,96;0,20;0,16;31,28;34,15;3,16;6,50;6,34;0,96;32,71;32,21;3,29;0,99;3,60;15,19;9,30;0,33;0,44;0,08;0,53;0,52;0,68;5,48;47,62;21,25;1,69;37,31;3,74;4,35;6,10;1,10;5,07;6,26;29,57;0,22;11,28;24,68;2,23;0,19;5,84;6,33;9,46;0,17;0,60;12,65;0,07;1,07;2,51;1,63;18,82;25,38;12,81;8,02;11,46;2,83;0,30;0,46;5,47;8,15;0,40;0,77;0,27;0,52;0,95;2,64;1,15;0,20;0,70;13,52;16,63;0,02;0,25;6,40;0,32;0,31;10,96;15,65;0,26;0,14;1,15;37,21;21,72;0,68;1,27;69,62;0,24;3,50;9,80;1,06;6,75;3,02;0,54;0,64;0,18;0,85;23,45;4,55;10,89;5,96;8,09;1,35;0,28;4,01;23,36;5,61;5,28;0,05;1,71;1,23;1,46;8,19;0,86;0,32;4,38;3,02;4,53;5,38;4,09;0,30;1,25;2,48;0,06;0,55;0,08;0,32;0,35;21,61;7,23;3,10;6,40;2,32;0,68;6,53;0,30;6,14;0,20;2,22;31,54;0,02;0,14;0,10;5,95;62,55;5,08;52,06;0,82;1,00;5,71;2,91;1,16;0,84;0,69;0,46;1,59;1,24;11,46;6,29;4,99;3,56;1,95;0,27;0,98;0,33;4,40;18,12;0,42;0,10;0,25;21,66;3,12;1,59;3,55;0,23;5,14;2,43;1,51;7,41;22,00;18,89
Other infectious diseases;81,39;2,92;4,15;6,31;2,31;60,41;2,65;2,48;1,05;1,41;1,26;5,49;2,42;1,32;13,05;4,58;2,52;2,50;2,12;69,00;1,23;19,50;8,14;1,51;15,86;3,08;3,12;2,04;63,45;44,66;15,12;16,39;48,48;1,44;78,53;132,39;1,98;2,26;2,77;35,66;24,51;1,29;1,84;1,06;2,13;1,01;0,97;41,35;7,19;45,20;1,80;45,72;5,09;7,46;3,76;6,26;3,13;27,81;41,95;1,56;20,68;72,87;10,02;1,48;2,04;20,09;37,79;2,18;1,49;31,64;1,32;4,28;3,21;2,97;3,56;92,33;95,52;3,72;28,37;6,38;1,39;1,29;26,15;16,05;3,03;8,73;1,13;1,32;1,61;2,91;1,91;2,30;3,82;32,03;33,73;0,66;3,21;29,52;2,23;13,18;20,83;47,21;3,09;1,97;2,45;45,57;44,19;5,96;4,42;92,32;1,35;11,75;28,76;1,90;2,16;8,77;1,14;6,62;0,98;10,79;59,54;29,45;15,16;12,54;24,67;2,20;1,23;3,40;145,09;84,42;4,26;1,43;3,62;2,10;6,48;49,91;4,13;5,76;2,22;31,02;3,64;4,25;11,93;1,08;1,42;1,92;1,28;1,07;2,05;1,52;2,58;37,05;3,71;3,47;4,24;6,56;4,07;20,94;2,31;41,31;1,96;9,82;69,14;0,78;1,03;1,06;24,53;174,91;13,63;75,57;1,48;6,04;36,40;6,43;2,30;1,89;5,63;1,34;7,73;5,91;26,83;31,56;7,23;18,15;2,92;3,39;4,08;5,10;9,30;44,65;2,90;3,07;1,68;36,47;3,05;1,92;2,06;4,71;14,89;2,41;8,13;21,32;46,57;24,89
Other non-communicable diseases;77,11;10,48;23,24;20,76;9,40;34,26;17,96;19,43;20,42;14,01;15,55;14,41;22,23;14,37;15,60;33,01;11,75;17,09;17,47;47,37;14,34;17,87;25,11;4,82;12,90;23,73;14,84;8,47;75,79;32,23;12,35;21,67;31,37;14,57;44,27;44,42;16,96;7,72;14,16;22,38;20,89;2,90;10,95;11,04;8,87;14,03;8,03;31,06;11,35;32,56;17,30;26,14;23,62;16,68;14,17;14,13;15,41;19,64;22,05;10,68;18,66;26,47;14,48;10,42;14,86;20,83;30,55;6,19;13,17;26,28;8,24;15,90;19,49;11,44;12,99;48,51;46,74;20,71;45,87;14,64;11,01;8,23;14,66;14,67;17,46;19,67;12,45;17,94;10,88;15,76;9,51;19,64;17,18;14,32;24,47;11,80;15,08;30,19;16,03;14,64;17,52;27,63;12,37;10,45;8,20;21,99;27,95;11,90;16,51;49,81;11,65;14,66;20,40;9,26;19,16;13,89;6,68;16,25;3,06;14,63;36,81;28,02;12,89;21,36;14,68;18,84;13,94;13,68;46,77;43,65;16,20;4,26;11,51;15,58;8,89;23,31;8,37;21,20;14,61;28,33;14,77;14,39;16,31;6,85;18,26;23,32;9,98;5,09;13,86;6,54;11,36;26,61;20,62;16,85;22,68;10,74;8,39;20,81;16,22;30,87;6,94;20,91;61,61;8,98;7,86;8,25;20,08;33,33;16,13;34,85;16,81;13,54;50,89;21,33;12,54;11,93;15,40;12,39;23,62;14,08;21,42;30,69;12,93;11,90;21,08;13,69;16,81;19,61;14,24;29,14;9,93;7,57;18,34;38,92;20,88;19,76;24,61;10,69;14,57;12,38;9,09;43,68;29,20;15,24
Respiratory infections and tuberculosis;114,13;17,14;16,88;20,49;20,47;167,18;32,18;72,13;21,46;15,62;13,76;51,02;24,21;6,82;65,69;52,49;20,29;52,42;33,20;130,47;22,68;52,81;89,02;14,56;127,83;38,64;18,57;31,83;165,65;177,48;62,33;154,06;119,17;21,36;327,10;226,46;28,01;20,13;18,25;139,63;106,53;48,38;12,06;19,85;52,52;14,54;28,61;134,13;43,38;169,31;40,97;126,97;49,00;28,00;41,60;33,64;37,28;71,59;179,14;22,11;170,15;138,79;29,73;22,51;32,16;93,22;107,62;25,05;26,39;111,20;37,20;25,42;45,97;18,29;76,49;200,92;145,13;44,61;79,90;20,45;12,07;28,60;82,31;64,51;14,29;18,80;38,57;16,64;17,92;16,44;78,42;11,46;41,73;98,11;104,03;14,23;35,55;138,25;25,05;19,19;249,20;95,47;12,26;28,13;24,25;131,58;147,36;55,56;12,22;127,42;38,32;57,02;84,86;20,47;19,71;50,86;70,74;48,93;11,69;37,77;173,03;113,48;128,34;66,85;80,32;40,87;16,01;22,73;187,41;160,33;61,42;11,12;20,29;43,48;13,59;87,34;95,43;12,97;25,55;100,17;26,06;65,55;81,81;27,92;64,08;32,85;4,19;24,57;37,07;36,97;41,36;133,17;38,64;27,81;33,04;39,68;21,93;79,74;20,03;97,53;16,81;69,68;192,22;49,33;34,72;31,41;101,52;256,46;128,29;166,32;27,45;27,22;37,56;27,91;31,38;23,18;14,22;44,08;67,03;41,38;88,48;107,90;52,61;38,73;20,17;16,93;17,07;57,08;60,17;113,29;29,65;7,23;62,20;138,17;19,88;24,37;45,09;62,69;57,12;18,70;49,44;35,79;151,12;177,97
Self-harm and interpersonal violence;54,95;9,01;7,53;12,42;10,42;13,23;8,39;17,83;13,57;13,86;18,40;8,22;30,79;9,49;8,18;16,44;46,37;23,05;31,84;13,06;7,78;6,55;12,56;14,06;43,28;39,54;6,03;21,22;15,37;70,37;29,93;8,44;12,95;15,29;38,70;17,92;16,76;12,48;58,27;13,71;15,24;13,51;16,90;20,64;20,47;7,13;17,86;18,78;15,17;14,63;14,39;15,99;16,01;24,10;27,43;4,18;71,82;8,84;21,41;31,32;41,23;18,53;13,92;21,32;20,47;15,08;6,31;13,35;15,08;10,02;5,66;84,52;10,89;20,43;49,61;15,89;19,86;57,04;37,19;52,48;26,85;12,48;19,53;4,47;10,32;65,25;12,57;14,97;8,70;20,27;24,04;6,41;49,11;17,06;31,34;4,71;18,85;18,49;37,01;11,84;68,48;18,49;24,80;51,86;14,09;8,63;9,93;7,29;5,48;18,29;6,99;29,81;9,95;12,61;22,62;30,31;16,28;32,05;23,81;9,59;14,20;8,10;33,18;31,74;15,91;12,79;14,28;13,92;13,34;13,64;18,23;13,34;23,31;12,68;3,70;16,52;25,92;66,34;21,75;10,90;18,96;7,06;20,76;22,06;15,61;29,77;5,88;29,65;27,74;15,34;66,37;13,48;23,44;25,19;25,60;18,73;12,68;7,31;5,08;8,84;24,62;14,05;8,97;10,37;18,10;26,38;29,00;32,64;62,68;28,22;9,49;39,08;18,92;33,71;16,28;17,74;119,07;20,95;7,58;21,00;8,99;14,79;14,88;6,00;39,04;5,01;6,54;15,11;23,96;14,73;45,17;6,98;9,56;12,37;38,08;20,08;25,37;14,09;18,76;50,07;9,71;23,25;16,99;24,86
Skin and subcutaneous diseases;0,22;0,13;0,21;5,10;0,41;0,67;6,44;4,16;0,20;2,06;0,66;0,11;5,70;2,59;0,58;25,54;0,30;4,10;1,28;1,05;2,89;0,82;0,50;0,39;1,09;2,41;0,96;0,51;0,98;0,77;1,19;1,28;1,08;1,39;0,89;0,94;2,15;0,40;2,18;1,19;0,93;1,14;1,27;0,26;2,40;2,96;0,73;0,81;0,61;0,79;1,78;0,80;13,93;0,40;0,34;0,22;1,41;0,67;0,81;1,16;1,64;0,77;1,84;0,99;3,48;1,23;0,93;0,25;1,78;0,90;0,43;1,21;8,50;2,61;1,14;1,25;1,02;1,11;2,88;1,41;0,91;0,45;1,35;1,12;0,20;0,12;1,43;6,16;1,59;5,31;0,99;0,40;0,18;0,82;2,86;0,13;0,31;1,24;2,13;0,31;2,02;0,91;0,24;1,29;1,13;0,64;0,70;4,09;1,58;1,04;7,96;1,69;1,20;1,56;1,44;2,15;0,76;0,46;0,09;0,31;0,97;1,55;1,43;1,38;0,05;3,81;1,96;0,77;0,85;0,80;3,36;0,11;3,70;2,57;1,34;0,04;0,26;0,13;1,63;1,40;1,06;0,62;1,80;0,33;1,85;6,17;0,42;0,92;1,07;0,36;1,65;0,81;7,12;6,07;6,06;1,91;0,52;0,94;1,18;1,09;0,73;1,41;1,03;1,44;0,40;0,69;1,89;0,77;1,98;0,85;2,85;0,41;0,22;6,87;3,10;1,67;0,04;3,95;0,10;3,21;0,97;0,80;2,50;2,08;3,22;0,27;0,38;0,16;2,36;0,65;0,64;0,09;3,22;0,93;6,82;1,95;5,90;0,12;1,95;0,12;1,00;0,13;0,76;1,23
Substance use disorders;1,42;1,43;1,40;1,31;1,90;0,96;6,92;2,20;2,54;6,24;7,38;2,60;4,61;0,56;0,35;2,59;33,00;5,98;2,42;0,67;3,39;0,98;3,50;3,36;1,57;4,72;0,80;2,51;0,87;0,88;0,76;1,01;0,91;7,94;1,42;0,68;3,53;2,41;0,43;0,86;1,40;2,56;1,95;7,99;3,97;1,89;4,92;0,88;2,47;0,94;18,03;1,00;6,03;1,41;3,13;0,21;14,49;0,72;1,04;28,65;1,33;0,84;0,49;17,49;8,17;1,62;0,72;1,67;8,96;0,87;2,87;22,10;3,91;1,46;11,96;0,84;0,98;3,35;3,22;4,56;6,61;5,42;2,07;0,45;4,36;1,49;5,92;1,65;1,54;0,50;0,89;0,26;17,83;0,78;1,25;0,62;8,66;1,33;18,29;1,98;1,83;0,76;2,45;17,94;7,63;0,74;0,92;0,87;0,46;0,55;2,24;2,20;0,58;6,36;4,14;2,25;0,74;15,10;1,56;1,21;1,19;1,22;1,37;2,44;0,76;3,13;2,43;5,59;0,51;0,74;2,11;1,94;4,44;11,04;0,51;1,32;1,27;0,22;1,10;1,13;3,09;1,71;1,26;11,37;2,13;8,32;0,42;2,31;12,70;4,56;33,76;1,05;14,11;4,43;5,70;1,40;0,65;1,13;0,71;0,68;5,37;1,51;0,69;0,41;4,10;9,53;2,33;0,83;1,63;0,62;2,65;3,25;1,02;3,01;7,81;6,07;1,03;2,66;2,46;1,65;0,60;0,81;1,36;1,10;2,54;1,40;0,51;5,51;2,01;0,73;24,84;5,79;6,32;0,86;12,68;15,37;3,26;1,66;1,56;0,90;1,72;0,85;1,02;1,02
Transport injuries;27,81;10,08;33,91;10,00;11,81;44,94;8,15;16,46;9,23;8,86;8,68;8,19;19,41;16,25;7,32;11,17;18,08;11,39;22,09;19,74;12,82;10,22;21,20;6,77;29,40;24,54;15,64;14,76;24,57;20,70;9,76;21,04;27,13;9,56;65,69;19,30;15,56;22,63;17,48;25,21;36,23;23,64;18,44;13,94;11,36;16,57;11,91;16,12;34,30;42,73;7,35;16,37;18,79;25,88;30,36;34,09;25,61;24,20;18,85;12,48;40,70;12,15;11,43;8,18;9,93;35,77;13,11;18,98;7,03;20,35;15,63;12,73;11,42;12,21;14,40;22,29;34,34;22,72;12,62;14,39;12,57;6,71;17,59;19,21;37,30;17,39;6,20;8,89;11,84;6,67;7,57;14,04;22,79;10,56;24,01;16,94;18,12;20,59;19,13;9,45;43,84;12,55;36,03;19,16;8,64;13,05;14,71;25,36;5,62;15,11;5,58;21,66;27,87;14,63;18,63;23,16;7,30;21,57;11,82;31,36;20,60;17,98;28,15;39,50;9,47;6,07;11,42;12,02;15,65;11,77;20,04;9,46;17,52;6,54;61,87;9,57;23,10;8,86;15,45;27,00;19,97;17,01;11,06;15,83;15,26;14,07;32,59;17,68;15,60;15,77;25,27;25,35;13,30;16,41;9,89;17,23;9,74;12,74;55,18;14,68;12,10;16,63;22,20;4,38;12,83;12,01;26,97;20,61;44,90;11,95;10,22;16,91;22,07;18,92;5,68;6,29;11,82;19,63;7,61;34,53;11,55;22,84;16,03;14,16;16,80;24,72;9,79;8,18;26,07;17,28;19,19;35,87;5,52;12,48;17,33;15,58;19,13;15,98;24,67;24,71;26,71;41,41;17,05;19,79
Unintentional injuries;36,82;12,26;15,95;26,94;23,12;24,08;23,44;19,67;18,76;17,15;23,80;17,45;21,73;7,48;21,74;17,74;58,64;34,13;24,37;25,82;14,08;31,98;30,57;15,33;28,11;19,22;12,70;23,45;27,22;25,91;23,36;28,52;20,94;21,19;33,69;31,07;16,99;23,70;12,70;20,18;17,58;9,55;15,15;32,88;34,28;18,96;29,80;21,07;26,43;21,30;24,46;20,79;33,06;19,36;22,23;8,75;16,45;12,51;24,79;42,48;30,02;26,13;21,84;33,60;39,88;18,20;19,41;24,33;21,47;18,71;15,84;39,25;27,13;11,02;28,74;32,56;30,46;34,99;157,31;20,88;34,34;14,09;35,47;19,55;19,90;33,02;12,86;11,46;23,04;11,11;25,64;10,21;40,10;16,75;17,81;7,36;21,11;25,19;53,41;11,21;32,22;19,62;13,56;56,68;23,25;17,58;20,88;13,29;18,01;30,98;17,13;28,21;15,63;15,57;17,11;30,15;36,53;38,19;18,13;22,05;24,14;52,98;22,59;36,63;28,95;22,65;16,88;13,84;28,98;20,34;30,11;14,90;23,25;30,88;13,82;19,08;57,07;8,69;13,78;28,36;15,49;23,18;16,31;25,90;18,72;20,08;11,99;16,04;43,78;26,15;60,04;19,24;23,72;19,97;25,09;24,48;17,30;17,13;31,11;20,68;16,15;23,36;31,78;5,53;26,58;35,72;50,34;33,24;21,82;22,32;17,28;35,51;28,33;23,54;27,53;27,89;8,18;17,23;21,61;25,52;17,83;19,14;18,87;19,35;15,02;19,54;11,54;19,97;34,76;16,92;47,66;15,40;16,88;20,47;22,63;19,96;27,61;21,70;27,78;15,41;26,54;21,78;21,23;25,96
